SITE,REGION,2007,2008,2009,2010,2011,2012,2013,2014,2015,2016,2017,Type
ADAK,C ALEU,779,621,595,715,764,,,528,,,,NP
ADAK/ARGONNE POINT,C ALEU,10,,,84,0,,,0,,0,,NP
ADAK/CAPE KAGIGIKAK,C ALEU,,,,,,,,36,,,,NP
ADAK/CRONE ISLAND,C ALEU,,59.5,,15,13,,,21,,,,NP
AGLIGADAK,C ALEU,15,13.5,11,38,12,,,45,,36,,NP
AMATIGNAK/KNOB POINT,C ALEU,0,3,,0,,,,0,,,0,NP
AMATIGNAK/NITROF POINT,C ALEU,,49,,46,,,,29,,,14,NP
AMATIGNAK/WEST,C ALEU,,,,,,,,9,,,0,NP
AMCHITKA/BIRD,C ALEU,0,,,,,,,,,8,,NP
AMCHITKA/CAPE IVAKIN,C ALEU,0,0,,,,,,,,0,,NP
AMCHITKA/CHITKA POINT,C ALEU,0,,,,,,,,,,,NP
AMCHITKA/COLUMN ROCK,C ALEU,,71,69,,,41,,37,,64,,NP
AMCHITKA/EAST CAPE,C ALEU,,,71,,,70,,146,,112,,NP
AMCHITKA/OMEGA POINT,C ALEU,0,,,,,,,,,0,,NP
AMCHITKA/ST. MAKARIUS,C ALEU,0,0,,,,,,,,0,,NP
AMLIA/CAPE MISTY,C ALEU,72,,,0,24,,,32,,,,NP
AMLIA/EAST CAPE,C ALEU,55,117,,63,26,,,19,,420,,NP
AMLIA/SVIECH. HARBOR,C ALEU,113,100,192,120,191,,,147,,162,,NP
AMUKTA + ROCKS,C ALEU,56,35,,72,54,,,,36,38,,NP
ANAGAKSIK,C ALEU,14,20,,30,21,,,29,,2,,NP
ATKA/CAPE KOROVIN,C ALEU,30,39,,6,0,,,7,,0,,NP
ATKA/NORTH CAPE,C ALEU,140,32,,206,94,,,113,,152,,NP
AYUGADAK,C ALEU,,152,112,,,122,112,102,,103,,NP
BOBROF,C ALEU,,,,19,20,,,0,,0,,NP
CARLISLE,C ALEU,,27,,10,42,,,20,,,,NP
CHAGULAK,C ALEU,,59,,54,49,,,,66,,,NP
CHUGINADAK,C ALEU,,53,,173,68,,,112,,74,,NP
CHUGUL,C ALEU,73,12,,33,22,,,29,,30,,NP
FENIMORE,C ALEU,9,4,,29,96,,,58,,117,,NP
GARELOI,C ALEU,,0,,0,,,,0,,0,,NP
GRAMP ROCK,C ALEU,,593,442,504,,,,448,,,371,NP
GREAT SITKIN,C ALEU,0,0,,0,76,,,0,,0,,NP
HAWADAX (RAT),C ALEU,,0,,,,,14,,,0,,NP
HERBERT,C ALEU,,105,,67,92,,,114,,130,,NP
IGITKIN/SW POINT,C ALEU,0,0,,0,0,,,0,,0,,NP
IKIGINAK,C ALEU,16,0,,0,4,,,0,,9,,NP
ILAK,C ALEU,,18,,32,,,,8,,,24,NP
KAGALASKA,C ALEU,3,42,,52,0,52,,15,,1,,NP
KAGALASKA/RAGGED POINT,C ALEU,,,,,,,,40,,,,NP
KAGAMIL,C ALEU,,0,,51,41,,,13,,,,NP
KANAGA/CAPE CHUNU,C ALEU,82,69,18,21,0,,,0,,,,NP
KANAGA/CAPE MIGA,C ALEU,0,0,,27,2,,,0,,0,,NP
KANAGA/N CAPE,C ALEU,2,14,,0,0,,,0,,0,,NP
KANAGA/SHIP ROCK,C ALEU,331,322,420,372,358,,,350,,270,,NP
KASATOCHI/NORTH POINT,C ALEU,613,550,609,732,716,,,587,,602,,NP
KAVALGA,C ALEU,,63,,4,,,,9,,,5,NP
KISKA/CAPE ST STEPHEN,C ALEU,211,229,204,,,109,,182,82,156,75,NP
KISKA/GERTRUDE-BUKHTI,C ALEU,,0,,,,,11,6,,10,,NP
KISKA/LIEF COVE,C ALEU,164,162,152,,,,,128,,150,,NP
KISKA/PILLAR ROCK,C ALEU,,0,,,,2,0,,,,,NP
KISKA/SIRIUS POINT,C ALEU,,0,,,,,0,0,,,,NP
KISKA/SOBAKA-VEGA,C ALEU,,52,,,,,,30,,24,,NP
KISKA/SOUTH HEAD,C ALEU,,0,,,,,,,,0,,NP
KISKA/WITCHCRAFT POINT,C ALEU,,7,,,,,,,,,,NP
KISKA/WOLF POINT,C ALEU,,0,,,,,11,4,,,,NP
KONIUJI/NORTH POINT,C ALEU,0,0,,0,0,,,0,,0,,NP
LITTLE SITKIN,C ALEU,,0,,,,,0,,,0,,NP
LITTLE TANAGA STRAIT,C ALEU,15,36,,26,60,17,,5,,91,,NP
OGLIUGA,C ALEU,,0,,2,,,,22,,,0,NP
OGLODAK,C ALEU,58,99,86,86,44,,,65,,45,,NP
SAGIGIK,C ALEU,10,14,,40,14,,,52,,26,,NP
SALT,C ALEU,0,4,,7,1,,,14,,0,,NP
SEA LION ROCK (KISKA),C ALEU,,0,,,,,,,,0,,NP
SEGUAM/SADDLERIDGE,C ALEU,668,835,856,756,944,,,694,,928,,NP
SEGUAM/TURF POINT,C ALEU,160,90,,106,98,,,263,,397,,NP
SEGULA/CHUGUL POINT,C ALEU,,0,,,,,,,,0,,NP
SEGULA/GULA POINT,C ALEU,,0,,,,,0,,,0,,NP
SEMISOPOCHNOI/PETREL,C ALEU,,0,,,,22,,3,,17,,NP
SEMISOPOCHNOI/POCHNOI,C ALEU,,32,36,,,13,,49,,36,,NP
SEMISOPOCHNOI/SW KNOB,C ALEU,,,,,,,,0,,0,,NP
SILAK,C ALEU,88,32,,90,64,47,,4,,24,,NP
SKAGUL/S. POINT,C ALEU,,1,,,,,,9,,,53,NP
TAG,C ALEU,,255,234,212,,,,174,,,176,NP
TAGALAK,C ALEU,162,86,,53,44,,,183,,327,,NP
TANADAK (AMLIA),C ALEU,0,30,,12,34,,,0,,31,,NP
TANADAK (KISKA),C ALEU,,1,,,,,,,,0,,NP
TANAGA/BUMPY POINT,C ALEU,33,22,,0,0,,,0,,14,,NP
TANAGA/CAPE SASMIK,C ALEU,63,95,,96,19,,,0,,,,NP
TANAGA/CAPE SUDAK,C ALEU,,,,46,22,,,0,,99,,NP
TWIN ROCKS (KISKA),C ALEU,,1,,,,,0,,,2,,NP
UGIDAK,C ALEU,,16,,4,,,,4,,,10,NP
ULAK/HASGOX POINT,C ALEU,,537,514,470,,,,409,,,380,NP
ULIAGA,C ALEU,,66,,216,182,,,164,,178,,NP
UNALGA+DINKUM ROCKS,C ALEU,,0,,0,,,,0,,,,NP
YUNASKA,C ALEU,279,282,298,403,526,,,,348,358,,NP
AFOGNAK/TONKI CAPE,C GULF,0,16,2,0,,,0,,0,,0,NP
AGHIYUK,C GULF,9,0,,0,,,4,,47,,100,NP
AIUGNAK COLUMNS,C GULF,7,3,,,,,19,,1,,6,NP
CAPE DOUGLAS,C GULF,0,0,,0,,,0,,0,,0,NP
CAPE GULL,C GULF,0,0,,0,,,49,,87,,152,NP
CAPE KULIAK,C GULF,4,0,,0,,,0,,0,,36,NP
CAPE NUKSHAK,C GULF,0,0,,0,,,0,,0,,0,NP
CAPE UGYAK,C GULF,0,0,,0,,,0,,0,,0,NP
CHIRIKOF,C GULF,300,300,430,262,461,,584,,781,,594,NP
CHOWIET,C GULF,576,559,644,653,686,,877,,1014,,1154,NP
EAST CHUGACH,C GULF,0,0,0,0,,,0,,0,,0,NP
ELIZABETH/CAPE ELIZABETH,C GULF,0,0,0,0,,,0,,0,,0,NP
FLAT,C GULF,44,0,,0,,,0,,0,,0,NP
GORE POINT,C GULF,0,0,0,0,,,0,,0,,0,NP
KILOKAK ROCKS,C GULF,198,101,,142,187,,116,,200,,299,NP
KODIAK/CAPE ALITAK,C GULF,0,0,,0,,,0,,0,,0,NP
KODIAK/CAPE BARNABAS,C GULF,140,84,130,194,,,60,,0,,152,NP
KODIAK/CAPE CHINIAK,C GULF,241,130,116,110,234,,193,,132,,194,NP
KODIAK/CAPE IKOLIK,C GULF,33,57,,86,,,70,,210,,47,NP
KODIAK/CAPE KULIUK,C GULF,0,0,,0,,,0,,0,,0,NP
KODIAK/CAPE PARAMANOF,C GULF,0,0,,0,,,0,,0,,0,NP
KODIAK/CAPE UGAT,C GULF,248,285,270,140,212,,220,,150,,392,NP
KODIAK/CAPE UYAK,C GULF,0,0,,0,,,0,,0,,0,NP
KODIAK/GULL POINT,C GULF,148,109,89,72,,,36,,44,,50,NP
KODIAK/MALINA POINT,C GULF,0,0,,0,,,0,,0,,0,NP
KODIAK/STEEP CAPE,C GULF,61,38,,24,,,21,,38,,57,NP
KODIAK/STURGEON HEAD,C GULF,0,0,,0,,,0,,0,,0,NP
KODIAK/SUNDSTROM,C GULF,0,0,,0,,,0,,0,,0,NP
KODIAK/TOMBSTONE ROCKS,C GULF,0,0,,0,,,0,,0,,0,NP
LATAX ROCKS,C GULF,115,108,334,128,228,,348,,394,,366,NP
LONG ISLAND,C GULF,,59,39,0,,,146,,64,,24,NP
MARMOT,C GULF,551,644,748,576,829,,1050,,1450,,1319,NP
NAGAHUT ROCKS,C GULF,2,21,0,0,,,0,,22,,17,NP
NAGAI ROCKS,C GULF,449,234,218,201,254,,220,,251,,226,NP
NOISY,C GULF,0,0,,0,,,0,,0,,0,NP
NUKA POINT,C GULF,0,0,,0,,,0,,0,,0,NP
OUTER (PYE),C GULF,268,249,231,269,308,,255,,278,,346,NP
PERL,C GULF,241,144,150,217,140,,95,,44,,140,NP
PERL ROCKS,C GULF,0,0,,0,,,0,,0,,0,NP
PUALE BAY,C GULF,1,2,,84,0,,100,,124,,292,NP
SEA LION ROCKS (MARMOT),C GULF,1,13,2,0,,,12,,12,,50,NP
SEA OTTER,C GULF,100,48,27,6,,,84,,119,,204,NP
SHAKUN ROCKS,C GULF,113,81,,117,125,,224,,98,,214,NP
SHAW,C GULF,1,0,,0,,,0,,0,,0,NP
SITKINAK/CAPE SITKINAK,C GULF,104,115,62,76,,,156,,186,,244,NP
SUD,C GULF,0,0,,0,,,0,,0,,0,NP
SUGARLOAF,C GULF,662,849,844,788,1018,,1170,,975,,980,NP
SUTWIK,C GULF,127,93,106,148,286,,298,,262,,262,NP
TAKLI,C GULF,92,67,,74,,,0,,24,,1,NP
TWOHEADED,C GULF,228,204,251,244,353,,421,,540,,562,NP
UGAIUSHAK,C GULF,2,0,,,,,2,,5,,0,NP
UGAK,C GULF,0,0,0,0,,,0,,0,,0,NP
USHAGAT,C GULF,74,96,88,86,166,,296,,222,,417,NP
USHAGAT/ROCKS SOUTH,C GULF,0,45,28,28,,,38,,62,,56,NP
WEST AMATULI,C GULF,0,0,,0,,,0,,0,,0,NP
ADUGAK,E ALEU,472.5,635.5,620,564,492,,,510,,584,,NP
AIKTAK,E ALEU,42.5,42,61,,78,,,62,,15,,NP
AKUN/AKUN BAY,E ALEU,18,8,,,,,,0,,0,,NP
AKUN/AKUN HEAD,E ALEU,0,0,,0,,,,0,,0,,NP
AKUN/BILLINGS HEAD,E ALEU,523,385.5,,,,,,558,562,755,,NP
AKUN/JACKASS POINT,E ALEU,0,0,,,,,,0,,0,,NP
AKUTAN/BATTERY POINT,E ALEU,0,0,,0,,,,0,,1,,NP
AKUTAN/CAPE MORGAN,E ALEU,1172,1135,904,1298,1358,,,1127,,900,,NP
AKUTAN/NORTH HEAD,E ALEU,0,0,,1,,,,0,,0,,NP
AKUTAN/REEF-LAVA,E ALEU,57,128,166,98,352,,,352,,218,,NP
AMAK+ROCKS,E ALEU,220,265,324,366,358,,,592,,1120,,NP
AVATANAK,E ALEU,42,,,,,,,31,,69,,NP
BABY,E ALEU,0,0,,0,,,,0,,0,,NP
BASALT ROCK,E ALEU,0,0,,,,,,0,,0,,NP
BOGOSLOF/FIRE ISLAND,E ALEU,405,390,398,434,314,,,347,,308,,NP
CAPE NEWENHAM,E ALEU,,,,,,,,,194,,115,NP
EGG,E ALEU,0,0,,84,,,35,10,,7,,NP
EMERALD,E ALEU,0,0,,0,,,,0,,0,,NP
INNER SIGNAL,E ALEU,47,54,,28,,,91,49,,12,,NP
KALIGAGAN,E ALEU,6,1,,,,,,1,,2,,NP
OGCHUL,E ALEU,152,200,224,268,210,,,272,,220,,NP
OLD MAN ROCKS,E ALEU,81,89,,196,126,,35,15,,124,,NP
OTTER ISLAND,E ALEU,,,,,,,,,13,,,NP
OUTER SIGNAL,E ALEU,0,10,,52,,,2,1,,32,,NP
POLIVNOI ROCK,E ALEU,96,93,,136,28,,,126,,110,,NP
ROCK,E ALEU,0,0,,,,,,,,0,,NP
ROOTOK,E ALEU,141,60,,,,,,30,,45,,NP
ROUND (WALRUS IS),E ALEU,,98,139,79,195,132,97,100,73,285,180,NP
SAMALGA,E ALEU,0,0,,0,,,,0,,,,NP
SEA LION ROCK (AMAK),E ALEU,385,360,314,436,552,,,504,,764,,NP
ST. GEORGE,E ALEU,,,,,,,,,23,,,NP
ST. PAUL/NE POINT,E ALEU,,,,,,,,,29,,,NP
ST. PAUL/SEA LION ROCK,E ALEU,,,,,,,,,12,,,NP
TANGINAK,E ALEU,4,1,,,,,,2,,32,,NP
THE PILLARS,E ALEU,0,0,,15,90,,25,26,,6,,NP
TIGALDA/ROCKS NE,E ALEU,236,359,228,,135,,,114,,124,,NP
TIGALDA/SOUTH SIDE,E ALEU,105,91,,,61,,,93,,50,,NP
UGAMAK,E ALEU,1493,1619,1875,,1219,,,1216,,966,,NP
UMNAK/AGULIUK POINT,E ALEU,,0,,0,,,,0,,0,,NP
UMNAK/CAPE ASLIK,E ALEU,,63,,78,20,,,181,,138,,NP
UMNAK/CAPE CHAGAK,E ALEU,,0,,,,,,0,,1,,NP
UMNAK/CAPE IDAK,E ALEU,0,0,,0,,,,0,,0,,NP
UMNAK/CAPE UDAK,E ALEU,,,,,,,,13,,,,NP
UMNAK/REINDEER POINT,E ALEU,,0,,,,,,0,,0,,NP
UNALASKA/BISHOP POINT,E ALEU,196,204,195,240,214,,,208,,140,,NP
UNALASKA/CAPE IZIGAN,E ALEU,304,188,456,435,460,,,197,,292,,NP
UNALASKA/CAPE SEDANKA,E ALEU,0,0,,0,,,,0,,0,,NP
UNALASKA/CAPE STARICHKOF,E ALEU,0,0,,0,,,,0,,0,,NP
UNALASKA/CAPE WISLOW,E ALEU,0,0,,0,,,,0,,0,,NP
UNALASKA/KOVRIZHKA,E ALEU,0,0,,0,,,,0,,0,,NP
UNALASKA/MAKUSHIN BAY,E ALEU,154,115,,56,,,,47,,142,,NP
UNALASKA/POINT KADIN,E ALEU,10,,,,,,,,,,,NP
UNALASKA/PRIEST ROCK,E ALEU,3,2,,4,,,,105,,7,,NP
UNALASKA/SPRAY CAPE,E ALEU,0,0,,0,,,,78,,68,,NP
UNALASKA/WHALEBONE CAPE,E ALEU,0,0,,0,,,,6,,2,,NP
UNIMAK/CAPE LAZAREF,E ALEU,0,0,,,,,,0,,201,,NP
UNIMAK/CAPE LUTKE,E ALEU,0,0,,,,,,0,,0,,NP
UNIMAK/CAPE SARICHEF,E ALEU,6,167,1,,0,,,2,,26,,NP
UNIMAK/CAVE POINT,E ALEU,,0,,,,,,0,,0,,NP
UNIMAK/OKSENOF POINT,E ALEU,269,762,332,,188,,,594,,358,,NP
UNIMAK/SCOTCH CAP,E ALEU,0,0,,,,,,0,,0,,NP
UNIMAK/SENNETT POINT,E ALEU,0,0,,,,,,0,,0,,NP
VSEVIDOF,E ALEU,35,50,,75,82,,72,113,,118,,NP
WALRUS,E ALEU,,,,,,,,,260,,,NP
AIALIK CAPE,E GULF,160.75,77,88,74,,,164,,182,,128,NP
CAPE FAIRFIELD,E GULF,10,47,32,27,,,50,,0,,26,NP
CAPE HINCHINBROOK,E GULF,95,229,102,161,76,,270,,17,,1,NP
CAPE JUNKEN,E GULF,0,0,1,0,,,0,,0,,0,NP
CAPE PUGET,E GULF,0,0,10,1,,,0,,47,,11,NP
CAPE RESURRECTION,E GULF,12,,169,0,120,,90,,146,,108,NP
CAPE ST. ELIAS,E GULF,728,1400,714,558,1480,,994,,1114,,1258,NP
CHISWELL ISLANDS,E GULF,74,68,94,114,177,,204,,268,,206,NP
DANGER,E GULF,119,2,1,0,,,0,,24,,7,NP
DUTCH GROUP,E GULF,,,,,,,,,328,,124,NP
GLACIER,E GULF,531,509,724,564,862,,962,,1366,,1228,NP
GRANITE CAPE,E GULF,25,4,5,0,,,51,,99,,0,NP
HOOK POINT,E GULF,132,261,,384,60,,9,,19,,0,NP
MIDDLETON,E GULF,0,,,0,,,0,,0,,,NP
PERRY,E GULF,437,227,,0,0,,0,,0,,0,NP
PILOT ROCK,E GULF,,,,,,,,,,,84,NP
PLEIADES,E GULF,0,0,,0,,,0,,0,,0,NP
POINT ELEANOR,E GULF,0,0,,0,,,0,,0,,0,NP
POINT ELRINGTON,E GULF,37,169,162,81,42,,98,,178,,138,NP
POINT LaTOUCHE,E GULF,0,0,,0,,,0,,0,,0,NP
PROCESSION ROCKS,E GULF,77,102,113,185,108,,125,,183,,148,NP
RABBIT,E GULF,0,0,0,0,,,0,,0,,0,NP
RUGGED,E GULF,0,8,2,0,,,3,,48,,34,NP
SEAL ROCKS,E GULF,803,1024,1006,1042,1310,,1445,,1058,,747,NP
SEAL ROCKS (KENAI),E GULF,2,0,13,4,,,7,,51,,110,NP
STEEP POINT,E GULF,90,92,88,107,,,72,,133,,148,NP
THE NEEDLE,E GULF,145,88,112,111,102,,84,,143,,289,NP
WOODED (FISH),E GULF,282,603,662,634,564,,863,,830,,468,NP
AGATTU,W ALEU,,482,,415,476,368,,295,,293,,NP
ALAID,W ALEU,,86,,95,,103,76,91,59,66,78,NP
ATTU,W ALEU,,314,,,282,255,236,207,,200,,NP
BULDIR,W ALEU,,43,,25,,1,11,4,26,28,,NP
INGENSTREM ROCKS,W ALEU,,0,,,0,0,,0,,0,,NP
SHEMYA,W ALEU,,4,,,3,18,18,,,0,0,NP
ATKINS,W GULF,585,558,630,,892,,724,671,,851,791,NP
ATKULIK,W GULF,,0,,0,,,0,,0,,0,NP
BIG KONIUJI,W GULF,0,0,,,,,0,0,,0,0,NP
BIRD,W GULF,97,155,,,234,,444,214,,153,,NP
BIRD (SHUMAGINS),W GULF,,,,,,,,66,,110,40,NP
CASTLE ROCK,W GULF,38,28,,,,,178,129,,1,,NP
CATON,W GULF,416,542,,,606,,688,410,,408,,NP
CHANKLIUT,W GULF,,0,,0,,,,,,,0,NP
CHERNABURA,W GULF,1228,1281,1162,,1494,,927,798,,1047,1188,NP
CHERNI,W GULF,0,0,,,,,,0,,0,,NP
CLUBBING ROCKS,W GULF,1063,952,1023,,1068,,1016,1333,,1236,,NP
EGG (SAND POINT),W GULF,0,0,,,,,,0,,0,6,NP
HAGUE ROCK,W GULF,0,1,,,,,,0,,0,,NP
HUNT,W GULF,0,0,,,,,,0,,1,,NP
JUDE,W GULF,445,465,512,,698,,759,572,,684,681,NP
KAK,W GULF,,1,,27,,,210,,194,,236,NP
KUPREANOF POINT,W GULF,53,72,,,175,,,212,,296,162,NP
LIGHTHOUSE ROCKS,W GULF,152,164,123,,182,,172,,178,,236,NP
MITROFANIA,W GULF,116,129,,,183,,,288,,228,172,NP
NAGAI/MOUNTAIN POINT,W GULF,148,60,,,10,,120,3,,128,229,NP
NAGAI/RK W OF CAPE WEDGE,W GULF,0,0,,,,,,,,0,0,NP
OLGA ROCKS,W GULF,131,176,,,240,,231,332,,215,,NP
OMEGA,W GULF,0,0,,,,,0,0,,0,,NP
PINNACLE ROCK,W GULF,1057,1094,1132,,1126,,1130,1152,,1150,,NP
SANAK,W GULF,0,0,,,,,,0,,0,,NP
SEA LION ROCKS (SHUMAGINS),W GULF,44,54,,,168,,46,97,,110,68,NP
SEAL CAPE,W GULF,,0,,,,,,,0,,0,NP
SIMEONOF,W GULF,,,,,,,,2,,2,9,NP
SOUTH ROCKS,W GULF,457,451,434,,484,,551,,,394,,NP
SOZAVARIKA,W GULF,,0,,,,,,0,,0,,NP
SPITZ,W GULF,11,1,,,,,,90,,0,4,NP
SUSHILNOI ROCKS,W GULF,289,286,398,,444,,355,341,,456,,NP
THE HAYSTACKS,W GULF,41,3,,,,,72,136,,56,30,NP
THE WHALEBACK,W GULF,83,102,103,,122,,186,190,,116,122,NP
TWINS,W GULF,0,0,,,,,,0,,0,0,NP
UNGA/ACHEREDIN POINT,W GULF,229,202,,,103,,78,107,,126,146,NP
UNGA/CAPE UNGA,W GULF,0,0,,,,,,0,,0,0,NP
WOSNESENSKI,W GULF,110,98,,,32,,16,102,,124,,NP
ADAK/LAKE POINT,C ALEU,,,338,320,310,,,250,,,,Pup
AGLIGADAK,C ALEU,,,0,1,0,,,0,,0,,Pup
AMCHITKA/COLUMN ROCKS,C ALEU,,,40,,,,,7,,35,,Pup
AMCHITKA/EAST CAPE,C ALEU,,,13,,,,,9,,13,,Pup
AMLIA/EAST CAPE,C ALEU,,,,,,,,,,96,,Pup
AMLIA/SVIECH. HARBOR,C ALEU,,,34,30,35,,,34,,39,,Pup
AYUGADAK,C ALEU,,,44,,,,50,42,,40,,Pup
CHUGINADAK,C ALEU,,,,,,,,1,,2,,Pup
GRAMP ROCK,C ALEU,,,332,299,,,,236,,,176,Pup
KANAGA/SHIP ROCK,C ALEU,,,214,214,208,,,207,,190,,Pup
KASATOCHI/NORTH POINT,C ALEU,,,394,354,373,,,376,,432,,Pup
KISKA/CAPE ST STEPHEN,C ALEU,86,,91,,,,,71,,40,26,Pup
KISKA/LIEF COVE,C ALEU,48,,80,,,,,84,,78,,Pup
SEGUAM/FINCH POINT,C ALEU,,,,,,,,2,,11,,Pup
SEGUAM/SADDLERIDGE,C ALEU,,,540,518,504,,,530,,568,,Pup
SEGUAM/TURF POINT,C ALEU,,,0,,0,,,0,,0,,Pup
SEMISOPOCHNOI,C ALEU,,,5,,,,,8,,3,,Pup
SILAK,C ALEU,,,,1,,,,,,1,,Pup
TAG,C ALEU,,,130,135,,,,104,,,73,Pup
TAGALAK,C ALEU,,,,1,2,,,12,,11,,Pup
ULAK/HASGOX POINT,C ALEU,,,272,264,,,,173,,,150,Pup
YUNASKA,C ALEU,,,170,185,166,,,,167,159,,Pup
CHIRIKOF,C GULF,,,216,,186,,196,,250,,193,Pup
CHOWIET,C GULF,,,360,,453,,612,,542,,562,Pup
KODIAK/CAPE UGAT,C GULF,,,1,,0,,0,,1,,0,Pup
LATAX ROCKS,C GULF,,,12,,18,,15,,16,,12,Pup
MARMOT,C GULF,465,,509,,524,,557,,624,,500,Pup
NAGAI ROCKS,C GULF,,,18,,8,,7,,5,,6,Pup
OUTER (PYE),C GULF,,,122,122,145,,133,,148,,100,Pup
SHAKUN ROCKS,C GULF,,,,,1,,4,,7,,3,Pup
SITKINAK/CAPE SITKINAK,C GULF,,,0,,,,1,,1,,0,Pup
SUGARLOAF,C GULF,,,613,,767,,862,,902,,682,Pup
SUTWIK,C GULF,,,12,,24,,19,,36,,25,Pup
TWOHEADED,C GULF,,,14,,52,,48,,45,,54,Pup
USHAGAT,C GULF,,,71,,84,,100,,126,,97,Pup
ADUGAK,E ALEU,,,276,,250,,,294,,237,,Pup
AIKTAK,E ALEU,,,2,,2,,,7,,4,,Pup
AKUN/BILLINGS HEAD,E ALEU,119,,144,,136,,,,138,136,,Pup
AKUTAN/CAPE MORGAN,E ALEU,,,688,730,734,,,748,,730,,Pup
AKUTAN/REEF-LAVA,E ALEU,,,22,10,21,,,21,,13,,Pup
AMAK+ROCKS,E ALEU,,,1,,1,,,4,,2,,Pup
BOGOSLOF/FIRE ISLAND,E ALEU,,,282,,323,,,337,,328,,Pup
OGCHUL,E ALEU,,,90,116,109,,,130,,130,,Pup
SEA LION ROCK (AMAK),E ALEU,,,185,,200,,,185,,243,,Pup
UGAMAK,E ALEU,,,909,,969,,,804,,882,,Pup
UMNAK/CAPE ASLIK,E ALEU,,,,,,,,2,,3,,Pup
UNALASKA/CAPE IZIGAN,E ALEU,,,29,41,34,,,42,,50,,Pup
WALRUS,E ALEU,,,14,,,,,,48,,,Pup
CAPE RESURRECTION,E GULF,,,1,,1,,0,,1,,0,Pup
CAPE ST. ELIAS,E GULF,,,18,15,26,,43,,28,,20,Pup
CHISWELL ISLANDS,E GULF,,,64,64,84,,77,,103,,79,Pup
GLACIER,E GULF,,,4,0,5,,6,,14,,5,Pup
PROCESSION ROCKS,E GULF,,,0,,0,,2,,4,,4,Pup
SEAL ROCKS,E GULF,,,740,634,728,,802,,674,,504,Pup
THE NEEDLE,E GULF,,,20,22,30,,29,,30,,5,Pup
WOODED (FISH),E GULF,,,178,224,225,,276,,340,,178,Pup
AGATTU,W ALEU,,225,190,,159,159,158,124,,142,,Pup
ALAID,W ALEU,,20,10,,,9,13,16,,14,8,Pup
ATTU/CAPE WRANGELL,W ALEU,,,33,,27,32,32,34,,42,,Pup
BULDIR,W ALEU,,7,1,,,0,0,0,,1,,Pup
ATKINS,W GULF,,,338,,380,,371,315,,347,333,Pup
BIRD,W GULF,,,,,2,,0,4,,3,,Pup
CATON,W GULF,,,,,,,,1,,2,,Pup
CHERNABURA,W GULF,,,244,,250,,248,266,,338,348,Pup
CLUBBING ROCKS,W GULF,,,778,,828,,893,719,,826,,Pup
JUDE,W GULF,,,270,,300,,340,304,,344,358,Pup
LIGHTHOUSE ROCKS,W GULF,,,16,,9,,8,,24,,15,Pup
OLGA ROCKS,W GULF,,,,,1,,1,5,,6,,Pup
PINNACLE ROCK,W GULF,,,702,,748,,742,714,,735,,Pup
SOUTH ROCKS,W GULF,,,60,,70,,64,,,58,,Pup
SUSHILNOI ROCKS,W GULF,,,34,,27,,12,62,,58,,Pup
THE WHALEBACK,W GULF,,,40,,52,,61,58,,64,68,Pup
BENJAMIN,SE AK,,0,0,0,,,100,,106,,331,NP
BIALI ROCK,SE AK,,407.5,616,488.5,,,832,,896,,934,NP
CAPE ADDINGTON,SE AK,,717.5,9,541.5,,,1006,,972,,778,NP
CAPE BARTOLOME,SE AK,,0,0,59,,,214,,61,,1,NP
CAPE BINGHAM,SE AK,,0,0,0,,,0,,0,,46,NP
CAPE CROSS,SE AK,,1,0,7,,,0,,38,,172,NP
CAPE FAIRWEATHER,SE AK,,0,0,0,,,0,,0,,0,NP
CAPE OMMANEY,SE AK,,116.5,273.5,316.5,,,502,,472,,289,NP
CASE (TLINGIT) POINT,SE AK,,0,0,0,,,0,,0,,0,NP
CIRCLE POINT,SE AK,,0,0,0,,,0,,,,0,NP
CORONATION,SE AK,,279,5,253.5,,,7,,132,,92,NP
DOROTHY,SE AK,,0,0,0,,,0,,,,0,NP
EASTERLY,SE AK,,255,188.5,215.5,,,184,,280,,160,NP
ELDRED ROCK,SE AK,,0,0,0,,,0,,0,,0,NP
EMMONS,SE AK,,,,0,,,0,,,,0,NP
ETOLIN,SE AK,,0,0,0,,,0,,0,,0,NP
FALSE POINT PYBUS,SE AK,,0,0,0,,,0,,0,,0,NP
FORRESTER/C HORN RK,SE AK,,311,502.5,413.5,,,438,,428,,413,NP
FORRESTER/FORRESTER ISLAND,SE AK,,2,91,60,,,42,,35,,45,NP
FORRESTER/LOWRIE,SE AK,,1228.5,2113.5,1310,,,2293,,2138,,1836,NP
FORRESTER/NORTH RK,SE AK,,843.5,1238.5,1056.5,,,923,,1084,,974,NP
FORRESTER/SEA LION RK,SE AK,,509,796.5,542,,,648,,708,,604,NP
GRAN (LEDGE) POINT,SE AK,,582.5,637.5,517.5,,,361,,536,,381,NP
GRAVES ROCK,SE AK,,1305,1441.5,1056,,,1358,,1486,,1844,NP
GRINDALL,SE AK,,374,6,131.5,,,350,,186,,190,NP
HARBOR POINT,SE AK,,178,264,205.5,,,0,,0,,218,NP
HAZY,SE AK,,1686,2457,1642.5,,,2450,,2636,,2033,NP
HORN CLIFF,SE AK,,0,0,0,,,0,,0,,,NP
INIAN,SE AK,560,,718,249,,,500,,365,,243,NP
JACOB ROCK,SE AK,,101,300,220.5,,,314,,257,,333,NP
KAIUCHALI (BIORKA),SE AK,,30.5,5,17.5,,,22,,76,,10,NP
LARCH BAY,SE AK,,28,0,0,,,0,,0,,0,NP
MIST,SE AK,,0,0,0,,,0,,,,0,NP
PATTERSON POINT,SE AK,,0,,0,,,0,,,,,NP
PINTA ROCKS,SE AK,,0,0,0,,,0,,0,,0,NP
POINT CAROLUS,SE AK,,0,0,0,,,0,,30,,0,NP
POINT ISLET (POINT ROCK),SE AK,,,,0,,,0,,0,,0,NP
POINT LEAGUE (STEVENS PASSAGE),SE AK,,1,0,0,,,0,,0,,0,NP
POINT LULL,SE AK,,153,162,0,,,0,,0,,0,NP
POINT MARSH,SE AK,,4,0,2,,,8,,19,,4,NP
ROCKY ISLAND,SE AK,,,,,,,,,,,125,NP
ROUND ROCK,SE AK,,0,0,0,,,0,,0,,0,NP
SAIL,SE AK,,3,495.5,0,,,416,,518,,4,NP
SAKIE POINT,SE AK,,0,0,0,,,,,0,,0,NP
SEA LION ISLANDS,SE AK,,137,298,271,,,542,,556,,524,NP
SEA LION ROCK (PUFFIN BAY),SE AK,,0,124,113,,,218,,136,,108,NP
SOUTH MARBLE,SE AK,,786,1009.5,1457.5,,,762,,1952,,910,NP
ST. LAZARIA,SE AK,,0,0,0,,,0,,0,,0,NP
SUNSET,SE AK,,384,322.5,399.5,,,616,,560,,1140,NP
TENAKEE CANNERY POINT,SE AK,,0,0,0,,,0,,0,,0,NP
THE BROTHERS,SE AK,,764.5,537,828,,,515,,691,,258,NP
THE SISTERS,SE AK,,0,0,0,,,0,,0,,0,NP
TIMBERED,SE AK,,288,4,444.5,,,420,,514,,516,NP
TURNABOUT,SE AK,,0,0,0,,,0,,0,,0,NP
VENISA,SE AK,,0,0,0,,,0,,0,,0,NP
WEST ROCK,SE AK,,841,869,713,,,302,,769,,702,NP
WHITE SISTERS,SE AK,,1131.5,1435,1557,,,1666,,1446,,1678,NP
WOLF ROCK,SE AK,,300,170,245,,,246,,504,,422,NP
YASHA,SE AK,,378.5,612,450.5,,,846,,680,,442,NP
BIALI ROCK,SE AK,,,144,,,,185,,204,,202,Pup
CAPE ADDINGTON,SE AK,,,,,,,3,,1,,1,Pup
CAPE OMMANEY,SE AK,,,1,,,,2,,0,,0,Pup
EASTERLY,SE AK,,,1,,,,2,,0,,1,Pup
FORRESTER,SE AK,,,4036,,,,3214,,3954,,3663,Pup
GRAVES ROCK,SE AK,,,440,,,,551,,502,,474,Pup
HAZY,SE AK,,,1976,,,,1837,,1994,,1750,Pup
JACOB ROCK,SE AK,,,2,,,,,,1,,2,Pup
SEA LION ISLANDS,SE AK,,,0,,,,2,,4,,2,Pup
SOUTH MARBLE,SE AK,,,0,,,,7,,7,,6,Pup
SUNSET,SE AK,,,1,,,,2,,2,,5,Pup
THE BROTHERS/SW,SE AK,,,2,,,,,,0,,0,Pup
TIMBERED,SE AK,,,,,,,4,,5,,9,Pup
WEST ROCK,SE AK,,,2,,,,0,,1,,1,Pup
WHITE SISTERS,SE AK,,,847,,,,924,,910,,981,Pup
YASHA,SE AK,,,10,,,,8,,9,,11,Pup